country,alpha_2_code,alpha_3_code,numeric_code,indicator,time_period,obs_value,sex,unit_multiplier,unit_of_measure,observation_status,observation_confidentaility,time_period_activity_related_to_when_the_data_are_collected,current_age
Albania,AL,ALB,8,Vast Majority Income Ratio,2012,0.777125,Total,,Ratio,,,,Total
Algeria,DZ,DZA,12,Vast Majority Income Ratio,2012,0.78475,Total,,Ratio,,,,Total
Angola,AO,AGO,24,Vast Majority Income Ratio,2009,0.643125,Total,,Ratio,,,,Total
Argentina,AR,ARG,32,Vast Majority Income Ratio,2017,0.66975,Total,,Ratio,,,,Total
Armenia,AM,ARM,51,Vast Majority Income Ratio,2017,0.719875,Total,,Ratio,,,,Total
Australia,AU,AUS,36,Vast Majority Income Ratio,2014,0.712625,Total,,Ratio,,,,Total
Austria,AT,AUT,40,Vast Majority Income Ratio,2015,0.77025,Total,,Ratio,,,,Total
Azerbaijan,AZ,AZE,31,Vast Majority Income Ratio,2005,0.777375,Total,,Ratio,,,,Total
Bangladesh,BD,BGD,50,Vast Majority Income Ratio,2016,0.732,Total,,Ratio,,,,Total
Belarus,BY,BLR,112,Vast Majority Income Ratio,2017,0.806375,Total,,Ratio,,,,Total
Belgium,BE,BEL,56,Vast Majority Income Ratio,2015,0.7935,Total,,Ratio,,,,Total
Belize,BZ,BLZ,84,Vast Majority Income Ratio,1999,0.52875,Total,,Ratio,,,,Total
Benin,BJ,BEN,204,Vast Majority Income Ratio,2015,0.59825,Total,,Ratio,,,,Total
Bhutan,BT,BTN,64,Vast Majority Income Ratio,2017,0.695375,Total,,Ratio,,,,Total
"Bolivia, Plurinational State of",BO,BOL,68,Vast Majority Income Ratio,2017,0.64325,Total,,Ratio,,,,Total
Bolivia,BO,BOL,68,Vast Majority Income Ratio,2017,0.64325,Total,,Ratio,,,,Total
Bosnia and Herzegovina,BA,BIH,70,Vast Majority Income Ratio,2011,0.741625,Total,,Ratio,,,,Total
Botswana,BW,BWA,72,Vast Majority Income Ratio,2016,0.518875,Total,,Ratio,,,,Total
Brazil,BR,BRA,76,Vast Majority Income Ratio,2017,0.527625,Total,,Ratio,,,,Total
Bulgaria,BG,BGR,100,Vast Majority Income Ratio,2014,0.70075,Total,,Ratio,,,,Total
Burkina Faso,BF,BFA,854,Vast Majority Income Ratio,2014,0.696125,Total,,Ratio,,,,Total
Burundi,BI,BDI,108,Vast Majority Income Ratio,2014,0.670875,Total,,Ratio,,,,Total
Cape Verde,CV,CPV,132,Vast Majority Income Ratio,2008,0.584125,Total,,Ratio,,,,Total
Cambodia,KH,KHM,116,Vast Majority Income Ratio,2012,0.747375,Total,,Ratio,,,,Total
Cameroon,CM,CMR,120,Vast Majority Income Ratio,2014,0.6035,Total,,Ratio,,,,Total
Canada,CA,CAN,124,Vast Majority Income Ratio,2013,0.74075,Total,,Ratio,,,,Total
Central African Republic,CF,CAF,140,Vast Majority Income Ratio,2008,0.489375,Total,,Ratio,,,,Total
Chad,TD,TCD,148,Vast Majority Income Ratio,2011,0.64,Total,,Ratio,,,,Total
Chile,CL,CHL,152,Vast Majority Income Ratio,2017,0.58875,Total,,Ratio,,,,Total
China,CN,CHN,156,Vast Majority Income Ratio,2015,0.682875,Total,,Ratio,,,,Total
Colombia,CO,COL,170,Vast Majority Income Ratio,2017,0.565375,Total,,Ratio,,,,Total
Comoros,KM,COM,174,Vast Majority Income Ratio,2014,0.6205,Total,,Ratio,,,,Total
Congo,CG,COG,178,Vast Majority Income Ratio,2011,0.57825,Total,,Ratio,,,,Total
Costa Rica,CR,CRI,188,Vast Majority Income Ratio,2017,0.575375,Total,,Ratio,,,,Total
Croatia,HR,HRV,191,Vast Majority Income Ratio,2015,0.7695,Total,,Ratio,,,,Total
Cyprus,CY,CYP,196,Vast Majority Income Ratio,2015,0.723375,Total,,Ratio,,,,Total
Czech Republic,CZ,CZE,203,Vast Majority Income Ratio,2015,0.800625,Total,,Ratio,,,,Total
Côte d'Ivoire,CI,CIV,384,Vast Majority Income Ratio,2015,0.65275,Total,,Ratio,,,,Total
Ivory Coast,CI,CIV,384,Vast Majority Income Ratio,2015,0.65275,Total,,Ratio,,,,Total
"Congo, the Democratic Republic of the",CD,COD,180,Vast Majority Income Ratio,2013,0.645375,Total,,Ratio,,,,Total
Denmark,DK,DNK,208,Vast Majority Income Ratio,2015,0.77875,Total,,Ratio,,,,Total
Djibouti,DJ,DJI,262,Vast Majority Income Ratio,2017,0.655125,Total,,Ratio,,,,Total
Dominican Republic,DO,DOM,214,Vast Majority Income Ratio,2016,0.60575,Total,,Ratio,,,,Total
Ecuador,EC,ECU,218,Vast Majority Income Ratio,2017,0.62325,Total,,Ratio,,,,Total
Egypt,EG,EGY,818,Vast Majority Income Ratio,2015,0.731375,Total,,Ratio,,,,Total
El Salvador,SV,SLV,222,Vast Majority Income Ratio,2017,0.690875,Total,,Ratio,,,,Total
Estonia,EE,EST,233,Vast Majority Income Ratio,2015,0.745125,Total,,Ratio,,,,Total
Swaziland,SZ,SWZ,748,Vast Majority Income Ratio,2010,0.54075,Total,,Ratio,,,,Total
Ethiopia,ET,ETH,231,Vast Majority Income Ratio,2016,0.7125,Total,,Ratio,,,,Total
Fiji,FJ,FJI,242,Vast Majority Income Ratio,2014,0.691625,Total,,Ratio,,,,Total
Finland,FI,FIN,246,Vast Majority Income Ratio,2015,0.791375,Total,,Ratio,,,,Total
France,FR,FRA,250,Vast Majority Income Ratio,2015,0.738625,Total,,Ratio,,,,Total
Gabon,GA,GAB,266,Vast Majority Income Ratio,2017,0.6955,Total,,Ratio,,,,Total
Gambia,GM,GMB,270,Vast Majority Income Ratio,2016,0.704875,Total,,Ratio,,,,Total
Georgia,GE,GEO,268,Vast Majority Income Ratio,2017,0.693625,Total,,Ratio,,,,Total
Germany,DE,DEU,276,Vast Majority Income Ratio,2015,0.754125,Total,,Ratio,,,,Total
Ghana,GH,GHA,288,Vast Majority Income Ratio,2017,0.642375,Total,,Ratio,,,,Total
Greece,GR,GRC,300,Vast Majority Income Ratio,2015,0.727375,Total,,Ratio,,,,Total
Guatemala,GT,GTM,320,Vast Majority Income Ratio,2014,0.580125,Total,,Ratio,,,,Total
Guinea,GN,GIN,324,Vast Majority Income Ratio,2012,0.731125,Total,,Ratio,,,,Total
Guinea-Bissau,GW,GNB,624,Vast Majority Income Ratio,2010,0.54125,Total,,Ratio,,,,Total
Guyana,GY,GUY,328,Vast Majority Income Ratio,1998,0.6305,Total,,Ratio,,,,Total
Haiti,HT,HTI,332,Vast Majority Income Ratio,2012,0.446375,Total,,Ratio,,,,Total
Honduras,HN,HND,340,Vast Majority Income Ratio,2017,0.568125,Total,,Ratio,,,,Total
Hungary,HU,HUN,348,Vast Majority Income Ratio,2015,0.77025,Total,,Ratio,,,,Total
Iceland,IS,ISL,352,Vast Majority Income Ratio,2014,0.783375,Total,,Ratio,,,,Total
India,IN,IND,356,Vast Majority Income Ratio,2012,0.694625,Total,,Ratio,,,,Total
Indonesia,ID,IDN,360,Vast Majority Income Ratio,2017,0.684875,Total,,Ratio,,,,Total
"Iran, Islamic Republic of",IR,IRN,364,Vast Majority Income Ratio,2016,0.666625,Total,,Ratio,,,,Total
Iraq,IQ,IRQ,368,Vast Majority Income Ratio,2012,0.76875,Total,,Ratio,,,,Total
Ireland,IE,IRL,372,Vast Majority Income Ratio,2015,0.747375,Total,,Ratio,,,,Total
Israel,IL,ISR,376,Vast Majority Income Ratio,2016,0.697875,Total,,Ratio,,,,Total
Italy,IT,ITA,380,Vast Majority Income Ratio,2015,0.73325,Total,,Ratio,,,,Total
Jamaica,JM,JAM,388,Vast Majority Income Ratio,2004,0.60475,Total,,Ratio,,,,Total
Japan,JP,JPN,392,Vast Majority Income Ratio,2009,0.75375,Total,,Ratio,,,,Total
Jordan,JO,JOR,400,Vast Majority Income Ratio,2011,0.72,Total,,Ratio,,,,Total
Kazakhstan,KZ,KAZ,398,Vast Majority Income Ratio,2017,0.782,Total,,Ratio,,,,Total
Kenya,KE,KEN,404,Vast Majority Income Ratio,2016,0.655875,Total,,Ratio,,,,Total
Kiribati,KI,KIR,296,Vast Majority Income Ratio,2006,0.70075,Total,,Ratio,,,,Total
Kyrgyzstan,KG,KGZ,417,Vast Majority Income Ratio,2017,0.781875,Total,,Ratio,,,,Total
Lao People's Democratic Republic,LA,LAO,418,Vast Majority Income Ratio,2013,0.6925,Total,,Ratio,,,,Total
Latvia,LV,LVA,428,Vast Majority Income Ratio,2015,0.731125,Total,,Ratio,,,,Total
Lebanon,LB,LBN,422,Vast Majority Income Ratio,2012,0.7505,Total,,Ratio,,,,Total
Lesotho,LS,LSO,426,Vast Majority Income Ratio,2010,0.522375,Total,,Ratio,,,,Total
Liberia,LR,LBR,430,Vast Majority Income Ratio,2016,0.714875,Total,,Ratio,,,,Total
Lithuania,LT,LTU,440,Vast Majority Income Ratio,2015,0.69825,Total,,Ratio,,,,Total
Luxembourg,LU,LUX,442,Vast Majority Income Ratio,2015,0.7375,Total,,Ratio,,,,Total
Madagascar,MG,MDG,450,Vast Majority Income Ratio,2012,0.632375,Total,,Ratio,,,,Total
Malawi,MW,MWI,454,Vast Majority Income Ratio,2017,0.60425,Total,,Ratio,,,,Total
Malaysia,MY,MYS,458,Vast Majority Income Ratio,2016,0.65925,Total,,Ratio,,,,Total
Maldives,MV,MDV,462,Vast Majority Income Ratio,2010,0.687125,Total,,Ratio,,,,Total
Mali,ML,MLI,466,Vast Majority Income Ratio,2010,0.73375,Total,,Ratio,,,,Total
Malta,MT,MLT,470,Vast Majority Income Ratio,2015,0.773625,Total,,Ratio,,,,Total
Mauritania,MR,MRT,478,Vast Majority Income Ratio,2014,0.747625,Total,,Ratio,,,,Total
Mauritius,MU,MUS,480,Vast Majority Income Ratio,2012,0.6725,Total,,Ratio,,,,Total
Mexico,MX,MEX,484,Vast Majority Income Ratio,2016,0.57275,Total,,Ratio,,,,Total
"Micronesia, Federated States of",FM,FSM,583,Vast Majority Income Ratio,2013,0.67475,Total,,Ratio,,,,Total
Mongolia,MN,MNG,496,Vast Majority Income Ratio,2016,0.743,Total,,Ratio,,,,Total
Montenegro,ME,MNE,499,Vast Majority Income Ratio,2014,0.74375,Total,,Ratio,,,,Total
Morocco,MA,MAR,504,Vast Majority Income Ratio,2014,0.662625,Total,,Ratio,,,,Total
Mozambique,MZ,MOZ,508,Vast Majority Income Ratio,2015,0.505875,Total,,Ratio,,,,Total
Myanmar,MM,MMR,104,Vast Majority Income Ratio,2015,0.678375,Total,,Ratio,,,,Total
Burma,MM,MMR,104,Vast Majority Income Ratio,2015,0.678375,Total,,Ratio,,,,Total
Namibia,,NAM,516,Vast Majority Income Ratio,2016,0.453375,Total,,Ratio,,,,Total
Nepal,NP,NPL,524,Vast Majority Income Ratio,2011,0.731125,Total,,Ratio,,,,Total
Netherlands,NL,NLD,528,Vast Majority Income Ratio,2015,0.78325,Total,,Ratio,,,,Total
Nicaragua,NI,NIC,558,Vast Majority Income Ratio,2014,0.59925,Total,,Ratio,,,,Total
Niger,NE,NER,562,Vast Majority Income Ratio,2014,0.71975,Total,,Ratio,,,,Total
Nigeria,NG,NGA,566,Vast Majority Income Ratio,2010,0.63775,Total,,Ratio,,,,Total
"Macedonia, the former Yugoslav Republic of",MK,MKD,807,Vast Majority Income Ratio,2015,0.736625,Total,,Ratio,,,,Total
Norway,NO,NOR,578,Vast Majority Income Ratio,2015,0.793375,Total,,Ratio,,,,Total
Pakistan,PK,PAK,586,Vast Majority Income Ratio,2016,0.71525,Total,,Ratio,,,,Total
Panama,PA,PAN,591,Vast Majority Income Ratio,2017,0.572625,Total,,Ratio,,,,Total
Papua New Guinea,PG,PNG,598,Vast Majority Income Ratio,2010,0.65825,Total,,Ratio,,,,Total
Paraguay,PY,PRY,600,Vast Majority Income Ratio,2017,0.574625,Total,,Ratio,,,,Total
Peru,PE,PER,604,Vast Majority Income Ratio,2017,0.6445,Total,,Ratio,,,,Total
Philippines,PH,PHL,608,Vast Majority Income Ratio,2015,0.614125,Total,,Ratio,,,,Total
Poland,PL,POL,616,Vast Majority Income Ratio,2016,0.756625,Total,,Ratio,,,,Total
Portugal,PT,PRT,620,Vast Majority Income Ratio,2015,0.716625,Total,,Ratio,,,,Total
"Korea, Republic of",KR,KOR,410,Vast Majority Income Ratio,2012,0.76275,Total,,Ratio,,,,Total
South Korea,KR,KOR,410,Vast Majority Income Ratio,2012,0.76275,Total,,Ratio,,,,Total
"Moldova, Republic of",MD,MDA,498,Vast Majority Income Ratio,2017,0.799,Total,,Ratio,,,,Total
Romania,RO,ROU,642,Vast Majority Income Ratio,2016,0.78825,Total,,Ratio,,,,Total
Russian Federation,RU,RUS,643,Vast Majority Income Ratio,2015,0.684,Total,,Ratio,,,,Total
Russia,RU,RUS,643,Vast Majority Income Ratio,2015,0.684,Total,,Ratio,,,,Total
Rwanda,RW,RWA,646,Vast Majority Income Ratio,2017,0.614625,Total,,Ratio,,,,Total
Saint Lucia,LC,LCA,662,Vast Majority Income Ratio,2016,0.557625,Total,,Ratio,,,,Total
Samoa,WS,WSM,882,Vast Majority Income Ratio,2014,0.6705,Total,,Ratio,,,,Total
Sao Tome and Principe,ST,STP,678,Vast Majority Income Ratio,2010,0.756375,Total,,Ratio,,,,Total
Senegal,SN,SEN,686,Vast Majority Income Ratio,2012,0.663375,Total,,Ratio,,,,Total
Serbia,RS,SRB,688,Vast Majority Income Ratio,2015,0.694375,Total,,Ratio,,,,Total
Seychelles,SC,SYC,690,Vast Majority Income Ratio,2013,0.58725,Total,,Ratio,,,,Total
Sierra Leone,SL,SLE,694,Vast Majority Income Ratio,2011,0.719625,Total,,Ratio,,,,Total
Slovakia,SK,SVK,703,Vast Majority Income Ratio,2015,0.81225,Total,,Ratio,,,,Total
Slovenia,SI,SVN,705,Vast Majority Income Ratio,2015,0.811125,Total,,Ratio,,,,Total
Solomon Islands,SB,SLB,90,Vast Majority Income Ratio,2013,0.692375,Total,,Ratio,,,,Total
South Africa,ZA,ZAF,710,Vast Majority Income Ratio,2015,0.39725,Total,,Ratio,,,,Total
South Sudan,SS,SSD,728,Vast Majority Income Ratio,2009,0.618,Total,,Ratio,,,,Total
Spain,ES,ESP,724,Vast Majority Income Ratio,2015,0.724125,Total,,Ratio,,,,Total
Sri Lanka,LK,LKA,144,Vast Majority Income Ratio,2016,0.655375,Total,,Ratio,,,,Total
"Palestinian Territory, Occupied",PS,PSE,275,Vast Majority Income Ratio,2017,0.736625,Total,,Ratio,,,,Total
Sudan,SD,SDN,736,Vast Majority Income Ratio,2009,0.72025,Total,,Ratio,,,,Total
Suriname,SR,SUR,740,Vast Majority Income Ratio,1999,0.497125,Total,,Ratio,,,,Total
Sweden,SE,SWE,752,Vast Majority Income Ratio,2015,0.7805,Total,,Ratio,,,,Total
Switzerland,CH,CHE,756,Vast Majority Income Ratio,2015,0.747125,Total,,Ratio,,,,Total
Syrian Arab Republic,SY,SYR,760,Vast Majority Income Ratio,2004,0.699375,Total,,Ratio,,,,Total
Tajikistan,TJ,TJK,762,Vast Majority Income Ratio,2015,0.7285,Total,,Ratio,,,,Total
Thailand,TH,THA,764,Vast Majority Income Ratio,2017,0.699,Total,,Ratio,,,,Total
Timor-Leste,TL,TLS,626,Vast Majority Income Ratio,2014,0.77,Total,,Ratio,,,,Total
Togo,TG,TGO,768,Vast Majority Income Ratio,2015,0.642625,Total,,Ratio,,,,Total
Tonga,TO,TON,776,Vast Majority Income Ratio,2015,0.683,Total,,Ratio,,,,Total
Trinidad and Tobago,TT,TTO,780,Vast Majority Income Ratio,1992,0.676375,Total,,Ratio,,,,Total
Tunisia,TN,TUN,788,Vast Majority Income Ratio,2016,0.738625,Total,,Ratio,,,,Total
Turkmenistan,TM,TKM,795,Vast Majority Income Ratio,1998,0.656625,Total,,Ratio,,,,Total
Tuvalu,TV,TUV,798,Vast Majority Income Ratio,2010,0.67025,Total,,Ratio,,,,Total
Turkey,TR,TUR,792,Vast Majority Income Ratio,2016,0.646125,Total,,Ratio,,,,Total
Uganda,UG,UGA,800,Vast Majority Income Ratio,2017,0.6275,Total,,Ratio,,,,Total
Ukraine,UA,UKR,804,Vast Majority Income Ratio,2016,0.810625,Total,,Ratio,,,,Total
United Kingdom,GB,GBR,826,Vast Majority Income Ratio,2015,0.742625,Total,,Ratio,,,,Total
"Tanzania, United Republic of",TZ,TZA,834,Vast Majority Income Ratio,2012,0.677125,Total,,Ratio,,,,Total
United States,US,USA,840,Vast Majority Income Ratio,2016,0.664,Total,,Ratio,,,,Total
Uruguay,UY,URY,858,Vast Majority Income Ratio,2017,0.677125,Total,,Ratio,,,,Total
Uzbekistan,UZ,UZB,860,Vast Majority Income Ratio,2003,0.707625,Total,,Ratio,,,,Total
Vanuatu,VU,VUT,548,Vast Majority Income Ratio,2010,0.68975,Total,,Ratio,,,,Total
"Venezuela, Bolivarian Republic of",VE,VEN,862,Vast Majority Income Ratio,2006,0.61575,Total,,Ratio,,,,Total
Venezuela,VE,VEN,862,Vast Majority Income Ratio,2006,0.61575,Total,,Ratio,,,,Total
Viet Nam,VN,VNM,704,Vast Majority Income Ratio,2016,0.718875,Total,,Ratio,,,,Total
Vietnam,VN,VNM,704,Vast Majority Income Ratio,2016,0.718875,Total,,Ratio,,,,Total
Yemen,YE,YEM,887,Vast Majority Income Ratio,2014,0.691125,Total,,Ratio,,,,Total
Zambia,ZM,ZMB,894,Vast Majority Income Ratio,2015,0.484125,Total,,Ratio,,,,Total
Zimbabwe,ZW,ZWE,716,Vast Majority Income Ratio,2011,0.629125,Total,,Ratio,,,,Total
