{"chunk_definitions":[{"row":21,"row_count":1,"visible":true,"expansion_state":0,"options":{"engine":"r","label":"unnamed-chunk-41"},"document_id":"E179AD06","chunk_id":"cx8innkudefeh","chunk_label":"unnamed-chunk-1"},{"row":29,"row_count":1,"visible":true,"expansion_state":0,"options":{"engine":"r","label":"unnamed-chunk-42"},"document_id":"E179AD06","chunk_id":"c8s0psdhot2ku","chunk_label":"unnamed-chunk-2"},{"row":36,"row_count":1,"visible":true,"expansion_state":0,"options":{"engine":"r","label":"unnamed-chunk-44"},"document_id":"E179AD06","chunk_id":"c3z24bsf6aeve","chunk_label":"unnamed-chunk-3"}],"doc_write_time":6583451597640587759}